question,option_l,option_r,answer,type
过桥米线起源于哪个地区,,,云南,factoid
日本动画片 千与千寻 中无面人吃的第一个角色是,,,青蛙,factoid
千里江山图 的作者是,,,王希孟,factoid
漫画 海贼王 中狙击手 乌索普 的外号是,,,撒谎布,factoid
因为懂得 所以慈悲 是哪位女作家写给爱人的句子,,,张爱玲,factoid
AcG常说的cv是什么意思,,,声优,factoid
木兰辞 中说的 扑朔迷离 指的动物是兔子,,,正确,yesno
世界上最早证明自由落体定律的人是,,,伽利略,factoid
烟草里毒性最大的物质是尼古丁,正确,错误,正确,yesno
苛政猛于虎也 是谁的观点,,,孔子,factoid
汽车仪表盘类似 水龙头 灯亮是,,,发动机故障,factoid
中国第一台蒸汽机诞生地是哪个城,,,安庆,factoid
我国解放后发现的第一个大油田,,,克拉玛依油田,factoid
万事俱备只欠东风 讲的是哪场经典战役,赤壁之战,平型关战役,,factoid
下列属于中国 新四大火炉 的城市的是,重庆,深圳,重庆,factoid
下列文学人物哪个不属于欧洲文学作品中 四大吝啬鬼形象,夏洛克,安东尼奥,,factoid
人类有多少对染色体,22,23,23,factoid
被吉尼斯世界纪录评为 世界流行乐之都 是哪座城市,利物浦,东京,利物浦,factoid
形容贫富悬殊的时候说的名句 朱门酒肉臭下一句是,路有冻死骨,乞丐满街走,路有冻死骨,factoid
现代足球源于英国,错误,正确,正确,yesno
北宋末年 金军攻破东京 俘虏了宋徽宗宋钦宗父子 被称为,靖康之耻,玄武之变,,factoid
日本奇幻温情小说 解忧百货店 的作者是,东野圭吾,毛,,factoid
儒家学派的孔子被称为 圣人 那么谁被称为 亚圣,孟子,庄子,,factoid
世界上最大的沙漠是,撒哈拉沙漠,利比亚沙漠,撒哈拉沙漠,factoid
太上 下知有之 其次 亲而誉之 出自哪部典籍,《冲虚经》,《道德经》,,factoid
歇后语 丈二和尚 的下一句是,摸不着头脑,丈三法师,摸不着头脑,factoid
世界上含沙最多的河流是,海河,黄河,黄河,factoid
饮酒会降低运动员的运动能力,错误,正确,正确,yesno
再别康桥 的作者是,徐霞客,徐志摩,徐志摩,factoid
后晋高祖指的是,石敬瑭,司马钧,,factoid
东南亚唯一的内陆国是,缅甸,老挝,,factoid
剧烈运动后产生的酸痛感 是由于体内哪种化合物所引起的,乳酸,脂肪,乳酸,factoid
中国最大的戏楼在颐和园,错误,正确,,yesno
黄花岗起义第一枪是谁开的,贾金彪,黄兴,,factoid
隋炀帝杨广死于兵败自杀,错误,正确,,yesno
电影 我不是潘金莲 中范冰冰饰演的角色叫什么,李晓莲,李雪莲,,factoid
有蝴蝶8只 蜻蜓比蝴蝶多4只 那么蚓蝶和蜻蜓一共有20只,错误,正确,正确,yesno
我国股市代码 6 开头的股票属于以下哪个市场,上海主板,中小板,上海主板,factoid
被誉为 安卓之父 的人是,安迪鲁宾,谢尔盖·布林,安迪鲁宾,factoid
目前已经上映哈利波特系列电影已经到了第六部,错误,正确,错误,yesno
普法战争的时候被俘的法国皇帝是,拿破仑三世,路易十三,,factoid
江苏邗江 中的 邗 读作,xIng,han,,factoid
文言文 幼时记趣 的作者是,沈复,沈从文,,factoid
清代康熙皇帝的全名是,爱新觉罗玄烨,爱新觉罗溥仪,爱新觉罗玄烨,factoid
董火虫发光的目的是为了求偶,错误,正确,,yesno
黄色领骑衫 来源于哪种代步工具所产生的赛事,自行车,摩托车,自行车,factoid
下列选项中不属于鱼类的是,鲤鱼,鲸,,factoid
kar98k毛瑟步枪的原产国是,德国,俄国,,factoid
住木斯属于哪个省,黑龙江,辽宁,黑龙江,factoid
歌词 我们讲着春天的故事 改革开放富起来 来自哪首歌,走进新时代,我的中国心,走进新时代,factoid
论法的精神 是哪位启蒙运动思想家的著作,孟德斯鸠,洛克,,factoid
隋炀帝杨广死于兵败自杀,错误,正确,,yesno
红楼梦 中林黛玉的别号是,稻香老农,潇湘妃子,,factoid
唐代 贞观之治 时期统治者是,唐太宗,武则天,,factoid
难兄难弟 本来是形容兄弟都同样倒霉,错误,正确,错误,yesno正确ctoid
问渠那得清如许 出自哪位诗人笔下,朱熹,李白,朱熹,factoid
隋炀帝杨广死于兵败自杀,错误,正确,,yesno
衡阳雁去无留意 出自哪位诗人,欧阳修,范仲淹,,factoid
下面哪种动物是由雄性生宝宝呢,袋鼠,海马,,factoid
成语 感激涕零 中的 涕 指的是,喷嚏,眼泪,,factoid
没有错别字的成语是,不孝子孙,不可名状,,factoid
金庸的首部长篇武侠小说是,越女剑,书剑恩仇录,,factoid
网红 皮皮虾 的学名叫什么,虾蛄,富贵虾,虾蛄,factoid
隋炀帝杨广死于兵败自杀,错误,正确,,yesno
戴高乐号 航空母舰是哪个国家建造的,美国,法国,法国,factoid
哪位希腊女神把美杜莎从美少女变成了蛇发女妖,雅典娜,赫斯提亚,,factoid
李清照的词句 生当作人杰 的下句是 死亦为鬼雄,错误,正确,正确,yesno
中国历史上 宋朝之后的朝代是,汉朝,元朝,元朝,factoid
代表作有 背影 的中国著名文学家是鲁迅,错误,正确,错误,yesno
蜗牛是软体动物,错误,正确,,yesno
穿越时空的爱恋 中由徐峥扮演的建文帝名叫什么,朱允炆,朱重八,朱允炆,factoid
灌篮高手 中樱木花道第一次正式上场得了多少分,4分,2分,,factoid
下列哪位科学家是犹太人,爱因斯坦,拉瓦锡,爱因斯坦,factoid
被称为 音乐神童的奥地利知名音乐家是,舒伯特,莫扎特,,factoid
好望角位于哪个大洲,非洲,大洋洲,非洲,factoid
C语言的发明者是,爱迪生,丹尼斯里奇,丹尼斯里奇,factoid
英联邦国家的官方语言是,西班牙语,英语,英语,factoid
身无彩凤双飞翼 心有灵犀一点通 是李商隐的诗句,错误,正确,,yesno
东风不与周郎便 铜雀春深锁二乔 描写的是古代战役赤壁之战,错误,正确,,yesno
下列不是有新海诚创作的作品是,千与千寻,言叶之庭,千与千寻,factoid
东汉光武帝刘秀统治时期出现的治世 光武中兴 也称为,建武盛世,康乾盛世,,factoid
尖椒干豆腐是哪个地域的名菜,东北,西北,,factoid
哪位华人男演员在电影 魔兽 中饰演了古尔丹一角,古天乐,吴彦祖,吴彦祖,factoid
非洲人口最多的国家是,南非,尼日利亚,南非,factoid
红楼梦 中林黛玉的母亲叫,贾敏,贾环,,factoid
兵书 孙子兵法 的作者是,孙膑,孙武,,factoid
电视剧 西游记 中 孙悟空逃不出谁的五指山,菩萨,如来佛,如来佛,factoid
下列哪个是西班牙的首都,南京,马德里,马德里,factoid
诗句会当凌绝顶的下一句是,一览众山小,云深不知处,一览众山小,factoid
河南省的简称是什么?,豫,,豫,factoid
中国男足曾入围哪一年世界杯,2012年,2002年,2002年,factoid
下列哪一词中的 累 字读四声,劳累,积累,劳累,factoid
下列人物中 有 铁血宰相之称的是,俾斯麦,古德里安,,factoid
菊月 指的是农历的哪个月份,九月,十月,,factoid
工笔 是哪种绘画形式的技法,国画,水粉画,,factoid
周星驰的电影中 由李健仁扮演的经典搞笑丑女形象叫如花,错误,正确,正确,yesno
1盎司等于多少克,约28.35,29,约28.35,factoid
相看两不误 只有敬亭山是谁的诗,李白,王维,,factoid
大汶口文化遗址在我国的湖南,错误,正确,,yesno
世界上最长的内流河是,伏尔加河,尼罗河,,factoid
红楼梦 中人送绰号 呆霸王 的是,薛蟠,贾瑞,薛蟠,factoid
知名超跑布加迪威龙的引擎形式是什么,W型16缸,W型14缸,W型16缸,factoid
下列哪位不是二战时的盟军将领,海因里齐,蒙哥马利,,factoid
下列未把葡萄牙语列为官方语言的国家是,墨西哥,马来西亚,,factoid
全世界最大的动物是,虎鲸,蓝鲸,,factoid
北京奥运会游泳比赛场馆是,水立方,首都体育馆,水立方,factoid
黄鹤楼 位于哪个城市,西安,武汉,武汉,factoid
大同市属于我国哪个省,山西省,贵州省,山西省,factoid
四大名茶之一的龙井茶产地是浙江杭州,错误,正确,正确,yesno
下列选项中没有错别字的一组成语是,脍炙人口,尔於我诈,,factoid
火线和零线哪个带电,都不带电,火线,火线,factoid
金庸的第一部武侠小说是 书剑恩仇录,错误,正确,,yesno
四大名香 之首是,沉香,龙涎香,沉香,factoid
电视剧 大军师司马懿之军师联盟 的第二季标题是,虎啸龙吟,统天下,虎啸龙吟,factoid
何方可化身千亿 一树梅花一放翁 出自下列哪位诗人,陆游,杜甫,陆游,factoid
你参加赛跑 当你超过了第2名后 你是第几名,第2名,第1名,,factoid
世界上邻国最多的国家是,日本,中国,,factoid
名句 前人裁树 的下一句是,后人砍树,后人乘凉,,factoid
下列是亚洲四小龙之一的是,韩国,马来西亚,,factoid
辛亥革命的先驱 与孙中山并称 孙黄 的 黄 是指黄飞鸿,错误,正确,,yesno
下列不属于 水浒传 中 阮式三雄 的是,阮小五,阮小六,,factoid
酒肉和尚常用 酒肉穿肠过和哪句话来解释自己的破戒行为,佛祖留身边,佛祖心中留,,factoid
红丝带 是哪种疾病的防治宣传标志,艾滋病,白血病,,factoid
在所有的运动项目中 被称为 运动之母 的是什么项目,田径,自行车,,factoid
曾著有 巴黎圣母院 悲惨世界 的是法国著名文学家雨果,错误,正确,,yesno
在数学公式中我们一般用哪个英文字母标注圆形的半径?,,,,factoid
五岳中被称为 中岳 的是,衡山,嵩山,,factoid
三国演义 中的马腾是哪一地区的太守,汝南,西凉,,factoid
指南针标记TN指向的方向是,西方,北方,北方,factoid
世界公认第一个发现美洲大陆的是,哥伦布,哥白尼,哥伦布,factoid
蛔虫生活在人体内属于寄生关系,错误,正确,正确,yesno
西游记 中 沙僧在天庭时原本的职位是卷帘大将,错误,正确,,yesno
我国最长的内河流是,塔里木河,长江,塔里木河,factoid
鲸鱼属于下列哪一类动物,爬行动物,哺乳动物,哺乳动物,factoid
下列单词词性中属于 luck 词性的是,介词,名词,介词,factoid
最早的春联是刻在木头上的,错误,正确,正确,yesno
下述哪种曲线不属于圆锥曲线,正弦曲线,双曲线,正弦曲线,factoid
铁路上使用的铁轨从切面看像哪个汉字,工,田,工,factoid
哪个国家以19个法定节假日成为世界上法木兰辞 中说的 扑朔迷离 指的动物是兔子苏轼,苏烈,苏烈,factoid
葡萄糖的元素组成成分是,碳、氮、氧,碳、氢、氧,,factoid
理性纯洁的精神恋爱又被人们称为哪位哲学家式的爱情,沙图什,柏拉图,柏拉图,factoid
如果三个人三天吃三个苹果 那么九个人九天吃多少个苹果,27个,28个,27个,factoid
名侦探柯南 中 灰原民族英雄郑成功出生于哪年哪位角色因吃了缩小药丸而变小,灰原哀,毛利兰,,factoid
下列被誉为娱乐圈 带货女王 的是,杨幂,林心如,杨幂,factoid
下列相声演员中 曾师从马季的是,冯巩,于谦,冯巩,factoid
民族英雄郑成功出生于哪年,1624,1636,1624,factoid
动画 银魂 的主角坂田银时在攘夷时期的称号是,白夜叉,白修罗,白夜叉,factoid
中国历史第一位皇帝赢政 他父亲的名字是,嬴子楚,赢政,,factoid
最大的海洋是,太平洋,印度洋,太平洋,factoid
荔枝的原产地是中国,错误,正确,正确,yesno
EUR是什么币种的外汇英文简称,人民币,欧元,欧元,factoid
浪淘沙令帘外雨潺潺 的作者是,苏轼,李煜,,factoid
我国古代四大发明不包括哪项,地动仪,活字印刷,地动仪,factoid
中东哪一城市是三个宗教的圣地,耶路撒冷,大马士革,耶路撒冷,factoid
老友粉 是广西哪个地方的特色小吃,南宁,柳州,,factoid
太阳中心说是哥伦布提出的,错误,正确,错误,yesno
著名的 命运交响曲 的作者是谁,贝多芬,拿破仑,贝多芬,factoid
大汶口文化遗址在我国的湖南,错误,正确,,yesno
北半球白天最短是哪一天,冬至,立冬,,factoid
澳门于哪一年回归祖国,1997,1999,1999,factoid
人体中最大的消化腺是,小肠,肝脏,小肠,factoid
俗话说 笑一笑 十年少愁一愁 的下一句是什么,眉头皱,白了头,白了头,factoid
下列选项中又被称为 惯性定律 的是,牛顿第二定律,牛顿第一定律,,factoid
古诗 圣泉宴 的作者是,杜甫,王勃,,factoid
写下 多情自古伤离别 的婉约派代表性人物是,柳永,李清照,,factoid
明清时代的北京城又叫做,八臂哪吒城,汴梁,,factoid
世界最高峰的海拔约为多少米,8878,8844,8844,factoid
下列哪种物质的水溶液是酸性,氟化氢,氢氧化钠,氟化氢,factoid
第一架望远镜是由爱迪生发明,错误,正确,错误,yesno
世界第二高峰是,乔戈里峰,珠穆朗玛峰,乔戈里峰,factoid
辽宁省的省会是,长春,沈阳,沈阳,factoid
兼葭苍苍 的下一句是,白露为霜,所谓伊人,白露为霜,factoid
世事洞明皆学问 人情练达皆文章出自哪部文学作品,红楼梦,西厢记,红楼梦,factoid
在中国有 天下第一奇山 美誉的是什么山,黄山,华山,黄山,factoid
长水国际机场 是我国哪个城市的机场,长沙,昆明,昆明,factoid
绿色植物在呼吸作用下会吸收哪种气体,氮气,氧气,氧气,factoid
南宋定都杭州 北宋当时的都城是今天的哪座城市,北京,开封,,factoid
历史故事鸿门宴中 下列哪一历史人物未参与 鸿门宴,樊哙,曹无伤,曹无伤,factoid
我国国家注册会计师的英文简称是,CFA,CPA,CPA,factoid
人体吸入哪种气体可以变声,氦气,氢气,氦气,factoid
俗话说 生于苏杭 葬于北邙 其中的 北邙 位于,南京,洛阳,,factoid
冰变成水属于哪种物态变化,汽化,熔化,熔化,factoid
英国使节马戛尔尼不行三跪九叩之礼 令哪位清朝皇帝不悦,乾隆,康熙,,factoid
下列选项中又被称为 惯性定律 的是,牛顿第二定律,牛顿第一定律,,factoid
广东潮州哪座桥是中国四大古桥之,潮州桥,广济桥,广济桥,factoid
太阳系的八大行星中 距离太阳最近的行星是,水星,金星,,factoid
下列哪部电影不是由成龙主演,整蛊专家,醉拳,整蛊专家,factoid
古诗 圣泉宴 的作者是,杜甫,王勃,,factoid
天长地久有时尽 此恨绵绵无绝期 出自哪部作品,短歌行,长恨歌,,factoid
两点之间的所有连线中 什么类型的线最短,线段,折线,线段,factoid
空气中含量最多的气体是,二氧化碳,氮气,氮气,factoid
美国的第一任总统是,克林顿,华盛顿,华盛顿,factoid
数字「4」开根号得到多少?,8,2,２,factoid
写下 多情自古伤离别 的婉约派代表性人物是,柳永,李清照,,factoid
明清时代的北京城又叫做,八臂哪吒城,汴梁,八臂哪吒城,factoid
微博上 人们常把通过了微博认证 并且粉丝众多的大号叫做,大V,大K,大V,factoid
下列选项中不属于中国 五行 的是,风,火,风,factoid
中国历史上战国七雄不包括以下哪个国家,韩,吴,吴,factoid
以下哪种酸的氧化性最强,草酸,次氯酸,,factoid
历史上 武王伐纣 中的纣王是哪个朝代的国君,晋,商,,factoid
我国最大的三角洲是长江三角洲,错误,正确,正确,yesno
除法算式的结果被称为,商,积,商,factoid
下列漫画作品中 不属于鸟山明的是,恶魔少年,北斗神拳,,factoid
古时称厨师为,庖,丁,庖,factoid
醉打蒋门神 是 水浒传 中哪位人物的故事,武松,林冲,,factoid
电视剧 水浒传 中 鲁智深的称号是,草和尚,花和尚,花和尚,factoid
乌菲兹美术馆位于哪个城市,罗马,佛罗伦萨,佛罗伦萨,factoid
疏影横斜水清浅 暗香浮动月黄昏 这句古诗形容的是哪种花,梅花,月季,,factoid
桑巴舞起源于哪个国家,美国,巴西,巴西,factoid
名军大将莫自牢 千军万马避白袍 指的是哪位历史人物,陈庆之,罗成,,factoid
道尔顿症 是哪种眼科先天性障碍的别称,色盲,色弱,,factoid
卤煮 是哪个城市的地方传统小吃,驻马店,北京,北京,factoid
太阳系八大行星中体积最小的是,地球,水星,水星,factoid
美术素描中 亮部与暗部的交界被称为,柔和面,过渡面,过渡面,factoid
唐朝开国皇帝是,李世民,李渊,李渊,factoid
《红楼梦》中的「湘云」姓?,史,薛,史,factoid
香烟中会减低红血球输送能力的有害物质是,氧化碳,尼古丁,尼古丁,factoid
电视剧 西游记 中 孙悟空诞生时是从哪种物体里蹦出来的,石头,火焰,石头,factoid
sin30°,0.5,0,0.5,factoid
野兽派画家的代表人物是,马蒂斯,莫奈,马蒂斯,factoid
黄帝 的姓氏是,大禹,轩辕,轩辕,factoid
1998年 电影 泰坦尼克号 获得11项奥斯卡大奖,错误,正确,正确,yesno
长江是世界上第几大河?,1,3,３,factoid
动画 葫芦娃 中会隐身的是几娃,六娃,大娃,六娃,factoid
葡式蛋挞 是哪个城市的著名小吃,澳门,安徽,澳门,factoid
以下哪个地点是亚欧分界线之,量尔木兹海峡,里海,里海,factoid
五言律诗全诗共有多少字,26字,40字,40字,factoid
下列选项中哪项不属于联合国的常任理事国,英国,德国,德国,factoid
能分泌促甲状腺激素的部位是,大脑皮层,脑垂体,脑垂体,factoid
太阳系八大行星中 质量最大的是,天王星,木星,木星,factoid
beyond乐队写给母亲的一首歌曲是,真的爱你,喜欢你,真的爱你,factoid
世界上冰最多的地区是南极大陆,错误,正确,正确,yesno
完全摆脱地球引力需要达到什么速度,第二宇宙速度,第三宇宙速度,第二宇宙速度,factoid
加拿大首都是以下哪座城市,多伦多,渥太华,渥太华,factoid
清明上河图 是北宋画家张择端的作品,错误,正确,正确,yesno
六一居士是谁柳宗元的别号,错误,正确,错误,yesno
我国 全运会每几年举办一次,4年,3年,4年,factoid
下列哪种液体沸点低,酒精,水,酒精,factoid
世界第二大的内陆国家是,澳大利亚,蒙古国,蒙古国,factoid
传说太乙真人曾在其中修炼的翠华山位于我国哪条著名山脉,秦岭山脉,昆仑山脉,秦岭山脉,factoid
以下东南亚国家中人口最多的国家是,菲律宾,印度尼西亚,印度尼西亚,factoid
荀子劝学 中名句 故木受绳则直的下一句是,金就砺则利,物各从其类也,金就砺则利,factoid
网球起源于哪个国家?,美国,法国,法国,factoid
古人称别人的父亲为令尊 称呼别人的母亲为,令堂,令爱,令堂,factoid
散文集 假如给我三天光明 的作者是,冰心,海伦凯勒,海伦凯勒,factoid
俗话说的 百善之首 是哪种品德,忠,孝,孝,factoid
朋友间会以恶作剧的方式来互开玩笑的愚人节在每年的4月1号,错误,正确,正确,yesno
绿茵豪门 绿茵场 中的 绿茵 常指代哪项体育运动,短跑,足球,足球,factoid
动态图片的英文缩写是,GIF,GIE,GIF,factoid
横眉冷对千夫指 俯首甘为孺子牛出自于鲁迅哪首诗,奋斗,自嘲,奋斗,factoid
下列不是岁寒三友的是,松,菊,菊,factoid
下列哪种维生素是脂溶性维生素,维生素B,维生素A,维生素A,factoid
蛋白质的基本单位是,氨基酸,核外电子,氨基酸,factoid
法国和西班牙的界山是哪一个,比利牛斯山,奥林匹斯山,比利牛斯山,factoid
以下哪个城市不是省会城市,厦门,杭州,厦门,factoid
因 爸爸去哪儿 大火的董力是什么项目的运动员,花剑,耍剑,花剑,factoid
下列选项中是物理学家的是,法拉第,柯西,法拉第,factoid
以下哪座山不属于 三山五岳 之一,峨眉山,雁荡山,峨眉山,factoid
离骚 中 长太息以掩涕兮 的下一句是,哀民生之多艰,竟周容以为度,哀民生之多艰,factoid
中国最古老的运河是,京杭大运河,灵渠,灵渠,factoid
从银行或其他金融机构按一定利率和条件借钱的行为称为,贷款,携款,贷款,factoid
穿山甲是用手捕食的,错误,正确,正确,yesno
资治通鉴 是我国北宋年间何人主编的一部历史巨著,欧阳修,司马光,司马光,factoid
螺祖为我们所熟知是因为她,养蚕制衣,炼石补天,,factoid
著名实验 薛定谔的猫 是对什么概念进行的模型化,量子叠加,量子破碎,量子叠加,factoid
著名的高速铁路线 欧洲之星 未拓展到哪个国家,英国,德国,德国,factoid
下列哪部名著不属于 莎士比亚四大悲剧,哈姆莱特,雾都孤儿,雾都孤儿,factoid
我们所说的安全电压是多少伏,36,28,36,factoid
常说的 天网恢恢 的下一句是,疏而不漏,要下小雨,疏而不漏,factoid
现役球员里 被称为 大圣 的足球运动员的是,加雷斯·贝尔,拉莫斯,加雷斯·贝尔,factoid
希腊神话当中 顾影自怜的美男子那喀索斯变成了什么植物,莱莉花,水仙花,水仙花,factoid
落霞与孤鹜齐飞 秋水共长天色 描写的是哪一名胜,岳阳楼,滕王阁,滕王阁,factoid
通常所说的计算机游戏ACT是指动作游戏,错误,正确,正确,yesno
足球明星迪迪埃德罗巴出生在哪国,科特迪瓦,南非,科特迪瓦,factoid
历史上的汉高祖叫什么名字,刘邦,刘备,刘邦,factoid
中国现代银行的鼻祖 日升昌票号建于,平遥县,太谷县,,factoid
在医学用图中 人体的静脉一般是用什么颜色标识,蓝色,灰色,蓝色,factoid
以下哪种鲨可以长期生活在淡水中,鲸鲨,牛鲨,牛鲨,factoid
名句 读书破万卷 的下一句是,来包方便面,下笔如有神,下笔如有神,factoid
郑燮是哪个朝代的著名书画家,宋朝,清朝,清朝,factoid
以下哪个选项不是修辞手法,排比,叙述,叙述,factoid
清朝时期所指的八旗子弟中不包括下列哪一个,镶蓝,镶紫,,factoid
秦始皇兵马俑位于陕西的哪一城市,铜川,西安,西安,factoid
长篇小说 傲慢与偏见 的作者是,简·奥斯汀,勃拉姆斯,简·奥斯汀,factoid
以下被称为二十世纪西方文化三大发现之一的是,牛顿运动定律,墨菲定律,墨菲定律,factoid
克劳德莫奈是哪个国家的著名画家,法国,瑞典,,factoid
下列名人未曾就读于剑桥大学的是,钱钟书,徐志摩,钱钟书,factoid
鲁迅的 在酒楼上 中 他在哪间熟悉的酒馆遇到了故人吕纬甫,一石居,一豆居,一石居,factoid
高锰酸钾的化学式是,KMno4,KFCO4,KMno4,factoid
波音公司总部位于美国哪座城市,芝加哥,休斯顿,,factoid
杨宗纬的歌里唱到 一层一层的剥开我的心 的蔬菜指的是,芹菜,洋葱,洋葱,factoid
著名的 舟山群岛 位于我国的哪片海域,东海,黄海,东海,factoid
葡萄糖的物质状态是,黑色晶体,无色晶体,无色晶体,factoid
欧冠改制以后第一个成功卫冕欧冠冠军的球队是,皇家马德里,利物浦,,factoid
清代小说 儒林外史 中范进是因为哪场考试中举而发疯,乡试,县试,,factoid
秦时明月 中被称为剑圣的是,张良,盖聂,,factoid
著名作曲家巴赫是哪国人,法国,德国,德国,factoid
橡胶王国 是形容的哪个东南亚国家,印度尼西亚,马来西亚,马来西亚,factoid
泰戈尔是俄国作家,错误,正确,错误,yesno
中国古代神话传说中的 巫山神女 名叫,瑶姬,乐姬,,factoid
悲惨世界 的主人公因偷了什么东西而服了19年苦役,一片面包,一些钱,一片面包,factoid
五线谱最早发源于哪个国家,意大利,希腊,希腊,factoid
居民消费价格指数 的简写是,CPI,PPICPI,,factoid
春种一粒粟 的下一句是,农夫犹饿死,秋收万颗子,秋收万颗子,factoid
严重缺碘的地区易发生下列哪种疾病,大脖子病,脚气病,大脖子病,factoid
下列哪部电影不是梦工厂出品,马达加斯加,怪兽电力公司,怪兽电力公司,factoid
东汉的第一位皇帝是,王莽,刘秀,刘秀,factoid
一切物体都有惯性 出自哪项物理定律,牛顿定律,欧姆定律,牛顿定律,factoid
常说的 天网恢恢 的下一句是,疏而不漏,要下小雨,,factoid
南非第一位民选黑人总统是,莫特兰蒂,曼德拉,曼德拉,factoid
水浒传 中 绰号为 没羽箭 的好汉是,张青,张清,,factoid
秦昭王的本名是,赢荡,赢稷,,factoid
我国武术有两大派 分别是 南拳和,北腿,武当拳,北腿,factoid
中国第四大岛是,崇明岛,舟山岛,舟山岛,factoid
四大名著 水浒传 中绰号是 神机军师 的是哪位好汉,朱武,公孙胜,朱武,factoid
品茗 是对哪种行为的雅称,吃饭,饮茶,饮茶,factoid
老挝的首都是,万象,万荣,万象,factoid
氢原子的相对分子质量是多少,1,2,1,factoid
佟湘玉是哪部著名电视剧中的主要角色,多情江山,武林外传,武林外传,factoid
明朝时 七下西洋 的中国航海家是,徐霞客,郑和,郑和,factoid
以下哪个字没有 黑色 的意思,苍,玄,苍,factoid
戌字的读音是,shu,XU,XU,factoid
宝莲灯 主人公沉香如果正月去剃头发 哪位神仙最惊慌,嫦娥,二郎神,二郎神,factoid
下列哪个国家不是金砖国家之,俄罗斯,新加坡,新加坡,factoid
电视剧 西游记 中 红孩儿的父亲是,牛魔王,孙悟空,牛魔王,factoid
一寸的水管直径是,32mm,25mm,25mm,factoid
北京故宫是始建于哪个朝代,元朝,明朝,明朝,factoid
如何获得多多果园的护院犬,点点树就有,惊喜宝箱内兑,惊喜宝箱内兑,factoid
世界上最长的人工运河是,灵渠,京杭大运河,京杭大运河,factoid
下列选项中哪个不属于 黄山四绝 之一,云梯,奇松,云梯,factoid
西游记 中 猪八戒取经归来修得正果 获得的封号是,广力菩萨,净坛使者,净坛使者,factoid
中国历史上第一位太后是,武则天,宣太后,武则天,factoid
冰岛的首都是哪座城市,雷克雅未克,雷克未雅克,雷克雅未克,factoid
世界三大棉产地 分别是中国 美国和哪个国家,乌兹别克斯坦,韩国,乌兹别克斯坦,factoid
破釜沉舟 这个成语出于哪次战争,巨鹿之战,长平之战,,factoid
世界上最早的通讯社哈瓦斯社诞生在哪个国家?,法国,,法国,factoid
红药水不能和碘酒一起使用 会有毒性物质产生,错误,正确,正确,yesno
玩这个答题游戏 怎么做容易获得较高的排名 拿更多奖励,和朋友组队玩,自己一个人玩,和朋友组队玩,factoid
床前明月光 的下一句是,疑是地上霜,海内存知己,疑是地上霜,factoid
下列哪个是亚洲与欧洲的分界线,丹麦海峡,土耳其海峡,土耳其海峡,factoid
哪个湖泊2009年被 中国国家地理 评为 中国最美湖泊,西湖,喀纳斯湖,喀纳斯湖,factoid
围棋棋盘一共有多少个交叉点,361,289,361,factoid
目前已知的全天最亮星是,天狼星,老人星,天狼星,factoid
中国最大的一尊摩崖石刻造像是,灵坛大佛,乐山大佛,乐山大佛,factoid
我国最大的陆路口岸是,满洲里,绥芬河,满洲里,factoid
下列哪种讨论方法是采用 背靠背 的通讯方式讨论,德尔菲法,神仙会,德尔菲法,factoid
江春入旧年 的上一句是,海日生残夜,海日升残夜,海日生残夜,factoid
下列景点哪个不属于西湖 老十景,断桥残雪,龙井探茶,龙井探茶,factoid
世界上国土面积第5大的国家是哪个国家,澳大利亚,巴西,澳大利亚,factoid
唐朝时 唐高宗在哪里设立了 市舶司 来处理外商贸易事易,浙江,广州,广州,factoid
电视剧 笑傲江湖 中 被东方不败篡位的日月神教教主是谁,任盈盈,任我行,任我行,factoid
出师未捷身先死 长使英雄泪满襟 出自哪位诗人笔下,辛弃疾,杜甫,杜甫,factoid
希腊神话中宙斯和阿波罗的关系是,父子,兄弟,父子,factoid
电子信息容量的量纲中 1TB等于,1024GB,1024MB,1024GB,factoid
二战中日本宣布投降 并接受以下哪部宣言,波斯坦,巴黎,巴黎,factoid
电影 第一滴血 的主演是,施瓦辛格,史泰龙,史泰龙,factoid
便纵有千种风情 更与何人说 出自哪位诗人笔下,秦观,柳永,柳永,factoid
19世纪初首先提出原子学说的科学家是,道尔顿,安培,道尔顿,factoid
中国历史上在位时间最长的皇帝是,乾隆皇帝,康熙皇帝,康熙皇帝,factoid
名著 战争与和平 讲述的是哪场战争,法俄战争,日俄战争,法俄战争,factoid
传说为关羽 刮骨疗伤 的是名医扁鹊,错误,正确,错误,yesno
因相传从波斯传入而取名 阿月浑子 的是哪种干果,腰果,开心果,开心果,factoid
东风不与周郎便 铜雀春深锁二乔 描写的是古代战役赤壁之战,错误,正确,正确,yesno
大家常说的 魔都 指的是哪座城市,天津,上海,上海,factoid
蒂凡尼的早餐 是由哪位女演员主演的,码丽莲梦露,奥黛丽·赫本,奥黛丽·赫本,factoid
我国 执行中央银行职能 的是哪一银行,中国人民银行,中国银行,中国人民银行,factoid
我国首位升空的女航天员叫什么名字,刘洋,刘阳,刘洋,factoid
我国新文学史上第一篇短篇小说是,狂人日记,梦溪笔谈,狂人日记,factoid
电视剧 三国演义 中 下列不属于 三国 之一的是,汉,楚,楚,factoid
全球岩石圈划分为几大板块,六大板块,八大板块,六大板块,factoid
网络用语 酱紫 是什么意思,这样的,这样子,这样子,factoid
热带水果火龙果的原产地是,东南亚,中美洲,中美洲,factoid
红魔 指的是哪支英超联赛球队,曼联,切尔西,曼联,factoid
中国古代 不惑 是指男子多少岁,40,60,40,factoid
美剧 西部世界 中 玩家是乘坐什么交通工具进入乐园的,汽车,火车,火车,factoid
下列各位诗人 属于唐代 边塞诗人 的是,柳宗元,岑参,岑参,factoid
颜体 是哪位书法家创立的,颜真卿,柳公权,颜真卿,factoid
迎客松是我国著名风景区五台山的标志性景点,错误,正确,错误,yesno
道家学说的创始人是,老子,墨子,老子,factoid
陈思成主演的电视剧 士兵突击 中 许三多的扮演者是,小沈阳,王宝强,王宝强,factoid
黄花岗起义第一枪是谁开的,贾金彪,黄兴,黄兴,factoid
荆轲刺秦时用的武器是剑,错误,正确,错误,yesno
提出 性恶论 主张的是,荀子,墨子,荀子,factoid
世界上国家最多的大洲是,欧洲,非洲,非洲,factoid
明末 白杆兵 的统帅是,左良玉,秦良玉,秦良玉,factoid
战国初期第一次成功的变法是,李悝变法,吴起变法,李悝变法,factoid
坐标轴由哪两个字母表示,EW,XY,XY,factoid
三国时期的官渡之战胜利者是,袁绍,曹操,曹操,factoid
下列车标中没有字母的是,奥迪,现代,奥迪,factoid
下列选项中不属于中国古代 四大美女 的是,妲己,杨玉环,妲己,factoid
古代一个时辰等于现代的几个小时,2个小时,半个小时,2个小时,factoid
淀粉遇到以下哪种试剂会变色,化亚钻溶液,碘液,碘液,factoid
公元1115年建立金政权的是我国哪个少数民族,俄罗斯族,女真族,女真族,factoid
大王意气尽 贱妾何聊生 出自,和垓下歌,江东赋,和垓下歌,factoid
代表作有 咏鹅 的骆宾王是哪个朝代的大诗人,唐朝,明朝,唐朝,factoid
明朝洪武大帝朱元璋所立的第位太子名叫,朱能,朱标,朱标,factoid
药王是指华佗,错误,正确,错误,yesno
国际间进行石油交易时 常用的单位是?,桶,吨,桶,factoid
世界第一大教堂是,圣彼得大教堂,圣玛利亚教堂,圣彼得大教堂,factoid
绿茶精品 碧螺春 原产自云南普洱,错误,正确,正确,yesno
中国的气候类型有几个,5个,6个,5个,factoid
我国被称为 林都 的城市是,伊春,州,伊春,factoid
杨家将后人 绰号 青面兽 的梁山好汉是哪位,杨林,杨志,杨志,factoid
下列选项中哪个不是江南三大名楼,铜雀楼,岳阳楼,铜雀楼,factoid
音乐城在奥地利,错误,正确,正确,yesno
三星高照 中的 三星 指的是福星 禄星和哪位神仙,寿星,笑星,寿星,factoid
艾菲尔铁塔 包含天线在内的高度是,324米,318米,324米,factoid
下列各数不能被3整除的是?,49,54,49,factoid
TEXT 在建筑物中表示的意思是,出租车,安全出口,安全出口,factoid
中国篮球协会的英文名称缩写是CBA,错误,正确,正确,yesno
九江市 上烧市是位于我国哪个省的城市,江苏,江西,江西,factoid
安全电压是多少v,12,36,36,factoid
贝多芬的 英雄交响曲 最初是为谁而做,拿破仑,华盛顿,拿破仑,factoid
儒家的代表人物 宗圣 是,曾参,颜回,曾参,factoid
炎黄文化的始祖 黄帝的陵墓位于哪个省,河南,陕西,陕西,factoid
只要有恒心的下一句是 点石可成金,错误,正确,错误,yesno
动画电影 红辣椒 的导演是,今千秋,今敏,今敏,factoid
世界上平均海拔最高的洲是,亚洲,南极洲,南极洲,factoid
电视剧 水浒传 中 被称为 入云龙 的是,萧让,公孙胜,公孙胜,factoid
陋室铭 中 苔痕上阶绿 下一句是,无案牍之劳形,草色入帘青,草色入帘青,factoid
三国演义 的作者是罗贯中,错误,正确,正确,yesno
按照现行单位换算 三千五百克是多少斤,3斤5两,7斤,7斤,factoid
造成煤气中毒的气体是,一氧化碳,氧气,一氧化碳,factoid
关于红绿色盲属以下哪种说法是正确的,显性遗传,隐性遗传,隐性遗传,factoid
红楼梦 中贾宝玉最终的结婚对象是,薛宝钗,林黛玉,薛宝钗,factoid
露从今夜白 的下一句是,月是故乡名,月是故乡明,月是故乡明,factoid
人们常喜欢用数字8代表 发财,错误,正确,正确,yesno
智者千虑 必有一失 这句话出自哪里,晏子春秋,《尚书》,晏子春秋,factoid
氛围的 氛正确读音是几声,一声,三声,一声,factoid
魔兽世界 下列哪一件是80级橙色装备,影之哀伤,冰之哀伤,影之哀伤,factoid
山头南郭寺 的下一句是,寺中坐千佛,水号北流泉,水号北流泉,factoid
世界上被翻译为不同语言最多的本者作是,悲惨世界,圣经,圣经,factoid
名著 水浒传 水浒108将 中 绰号 铁扇子 的是谁,宋清,史进,宋清,factoid
食 色 性也 是谁的名句,韩非子,告子,告子,factoid
巨鹿之战是一场以少胜多的战争,错误,正确,正确,yesno
一年共有24个节气,错误,正确,正确,yesno
的倒数是1 那么2的倒数是什么?,2,1/2,1/2,factoid
唐宋八大家中属于唐代是下列哪位,韩愈,王安石,韩愈,factoid
中国第一位被称为 皇帝 的是,秦始皇,周武王,秦始皇,factoid
经典角色 李雷和韩梅梅 出自哪个科目的教科书,语文,英语,英语,factoid
林正英的僵尸系列电影里 可以克制僵尸的是哪种木质材料,桃木,檀木,桃木,factoid
沉鱼落雁 闭月羞花 中的 羞花 是指,杨玉环,貂蝉,杨玉环,factoid
封神演义 中 哪吒的父亲托塔李天王名叫什么,李广,李靖,李靖,factoid
自动挡汽车中 N 代表什么档位,起步档,空档,空档,factoid
奔流到海不复回 是哪位诗人的诗句,韩愈,李白,李白,factoid
电视剧 西游记 中 唐僧在哪里收服了猪八戒作为徒弟,五指山,高老庄,高老庄,factoid
歌曲 一剪梅 的原唱是,刘文正,费玉清,费玉清,factoid
无事不登三宝殿中的 三宝 是指哪些,佛法僧,松竹梅,佛法僧,factoid
奇秀甲东南 是对哪座名山的赞美,庐山,武夷山,武夷山,factoid
黎明即起 洒扫庭除 要内外整洁 出自,朱子治家格言,弟子规,未子治家格言,factoid
声音在水中的传播速度比在空气中传播的快,错误,正确,正确,yesno
普洱茶的源产地是下列哪个省,云南省,广东省,云南省,factoid
含油最多的树是油棕 被称为 世界油王,错误,正确,正确,yesno
酥油茶是中国哪个民族的特色饮料,藏族,蒙古族,藏族,factoid
三国时期名将吕布使用的武器叫什么,吴钩,方天画戟,方天画戟,factoid
五行相生的顺序是金生水水生木木生火火生土土生金,错误,正确,正确,yesno
100以内的自然数中 一共有多少个质数,27个,25个,25个,factoid
我国地势第一与第二阶梯的分界线为昆仑山 横断山和哪座山,长白山,祁连山,祁连山,factoid
春秋时期伟大的教育家孔夫子是哪国人,秦国,鲁国,鲁国,factoid
以下历史战役不是以少胜多的是,马铃之战,巨鹿之战,马铃之战,factoid
中国的第三大岛屿是,海南,崇明,崇明,factoid
明天你是否会想起 昨日你写的日记 是老狼的 同桌的你,错误,正确,正确,yesno
下列不属于地跨俩大洲的国家的是,伊朗,印度尼西亚,伊朗,factoid
斯诺克比赛出白色球和红色球外 还有几颗其他彩球,7个,6个,6个,factoid
下列那个国家法定公路靠左行驶 车辆驾驶位在右侧,英国,德国,英国,factoid
血液的类型一般被分为A型 B型、0型和什么型共四种?,M,AB,AB,factoid
世界上最深的海是,爱琴海,珊瑚海,珊瑚海,factoid
蜡笔小新的妹妹小葵本名是,野原向日葵,野原樱葵,野原向日葵,factoid
下列属于豪放派词人的是,温庭筠,苏轼,苏轼,factoid
我国古代神话中 追逐太阳的夸父是怎么死的,渴死的,雷劈死的,渴死的,factoid
占据我国陆地总面积四分之一的高原是哪个,黄土高原,青藏高原,青藏高原,factoid
提出位移电流的人是,麦克斯韦,法拉第,麦克斯韦,factoid
著名画作 蒙娜丽莎 的作者达芬奇是哪国人,意大利,英国,意大利,factoid
以下哪个是我国贵州省的简称?,黔,,黔,factoid
本草纲目 的作者是李时珍,错误,正确,正确,yesno
汉字 国 的结构是,全包围结构,上下结构,全包围结构,factoid
蒿俊闵曾经效力的沙尔克04队是哪个欧洲国家的足球俱乐部,西班牙,德国,德国,factoid
会计的基本职能是,核算和监督,反映和汇报,核算和监督,factoid
狗热时用什么器官散热,舌头,鼻子,舌头,factoid
被人誉为日本特摄之父 特摄之神的是,庵野秀明,园谷英二,园谷英二,factoid
下列不是省会的城市是,西安,苏州,苏州,factoid
下面哪一选项曾是 三国演义 中刘备的坐骑,爪黄飞电,的卢,的卢,factoid
人体分解和代谢酒精的主要器官是肺,错误,正确,错误,yesno
以下哪个是酒精的学名,乙醇,乙酸,乙醇,factoid
诗句 先天下之忧而忧 后天下之乐而乐 出于哪篇文章,岳阳楼记,尊经阁记,岳阳楼记,factoid
中国陆地上面积最大的直辖市是,贵州,重庆,重庆,factoid
庭院深深深几许 是宋代哪位作家所写,欧阳修,陶渊明,欧阳修,factoid
所谓无底深渊 下去 也是前程万里 出自哪位名家之手,木心,冰心,木心,factoid
5的立方是多少,155,125,125,factoid
下面哪个不是我国佛教四大名山,泰山,五台山,泰山,factoid
哈萨克斯坦第一大城市是,阿拉木图,阿斯塔纳,阿拉木图,factoid
人们常说的 三伏天 的 头伏 指的是哪个季节里的一段时间,夏季,春季,夏季,factoid
下列不属于 眼折光异常 的是,色盲,远视,色盲,factoid
世界最大的咖啡生产国是,哥伦比亚,巴西,巴西,factoid
春江花月夜 是下列哪一位的作品,张若虚,白居易,张若虚,factoid
子不学 断机杼 出自中国古代哪位明家典故,庄子,孟子,孟子,factoid
元曲四大家 之首是,王羲之,关汉卿,关汉卿,factoid
地球实际是什么形状的星体,立方体,椭圆体,椭圆体,factoid
蓁 的正确读音是,zhen,zen,zhen,factoid
三脚插头比二脚插头多的脚接在什么线上,零线,地线,地线,factoid
三国演义 中诸葛亮七擒七纵的首领是孟获,错误,正确,正确,yesno
下列哪项不是安徽民居的特点,石门,天井,石门,factoid
下列属于建筑施工绘图工具常用软件的是,CAD,PSH,CAD,factoid
过一点有几条直线与已知直线平行,无数条,一条,一条,factoid
蓝宝石的属性是,刚玉,氧化铝,刚玉,factoid
元素周期表表中氧的前一个元素是?,氟,氮,氮,factoid
我们通常在哪个传统节日时一家人团圆吃月饼,重阳书,中秋节,中秋节,factoid
下列不属于 眼折光异常 的是,色盲,远视,,factoid
入药用的 鹿茸 是雄鹿的哪个部位,角,耳,耳,factoid
清朝道光年间 在虎门销禁鸦片的民族英雄是林则徐,错误,正确,正确,yesno
但愿人长久 千里共婵娟 描写的是什么节日,中秋,春节,中秋,factoid
十面埋伏 出自哪个历史时期,明清时期,楚汉争霸,楚汉争霸,factoid
正常成人的心率正常范围是每分钟多少次,60-100,小于60,100,factoid
李白是唐代哪个时期的诗人代表,中唐,盛唐,盛唐,factoid
电视剧 倚天屠龙记 中 张三丰的大徒弟是,宋远桥,俞岱岩,宋远桥,factoid
我国唯一以湖泊而得名的省是,青海省,黑龙江省,青海省,factoid
下列哪道菜品是新疆的特色菜品,豌豆黄,大盘鸡,大盘鸡,factoid
地球上最大的陨石 重达60吨的 霍吧陨石 位于哪个大洲,非洲,欧洲,非洲,factoid
汉武帝时期统治阶级崇尚的学术思想是,儒家,佛教,儒家,factoid
古代所说的 燕赵之地 是现在的哪个省份,河北省,安徽省,河北省,factoid
夏练三伏 冬练,三九,四九,三九,factoid
湄公河在我在我国境内被称为,雅鲁藏布江,澜沧江,澜沧江,factoid
包青天 包拯的 谥号 是,孝肃,忠烈,孝肃,factoid
被我国车迷称为 汽车老三样 的是捷达 富康和哪种车,桑塔纳,奇瑞,桑塔纳,factoid
screenshot_1576937027.jpg
迄今为止我国最古老的文字是,隶书,甲骨文,甲骨文,factoid
009年 由博尔特创造的男子百米世界记录是多少,9秒58,9秒55,9秒58,factoid
莘莘学子 的 莘 字读音是?,shen,,shen,factoid
海内存知己 天涯若比邻 出自哪朝 哪位诗人笔下,唐朝李煜,唐朝王勃,唐朝王勃,factoid
花甲之年 指的是多少岁,五十岁,六十岁,六十岁,factoid
比萨的发明人是,丹尼尔,马可波罗,马可波罗,factoid
三国演义 中曹操听从了谁的遗言计定辽东,郭奉孝,张文远,郭奉孝,factoid
英国最大的广播公司是,ABC,BBC,BBC,factoid
以烈士刘志丹命名的志丹县在哪个省,河南省,陕西省,陕西省,factoid
屈光介质不包括,玻璃体,小梁网,小梁网,factoid
Jay Chou是台湾歌坛小天王周杰伦的英文名,错误,正确,正确,yesno
动画  Lovelive 中 东条希的头发是什么颜色,紫色,深蓝色,紫色,factoid
韩国的首都是哪座城市,釜山,首尔,首尔,factoid
下列选项中最小的距离单位是,纳米,英寸,纳米,factoid
赤壁之战发生在什么季节,夏,冬,冬,factoid
地球上的风由于地球公转的原因不能笔直流动,错误,正确,错误,yesno
苹果手机的操作系统是?,Android,IOS,IOS,factoid
一个棱长为3米的正方体 其体积为多少立方米,27立方米,24立方米,27立方米,factoid
在古代被称为 食铁兽 的是哪种国宝级动物,鲸鱼,大熊猫,大熊猫,factoid
狮子是属于什么科,猴科,猫科,猫科,factoid
散文写作的特点是,形散而神不散,神散而形不散,形散而神不散,factoid
足球规则中 以下哪种发球方式必须用手发球,角球,边界球,边界球,factoid
情景喜剧 闲人马大姐 中退休女工马大姐的扮演者是哪位演员,吕丽萍,蔡明,蔡明,factoid
下列哪一个不是清朝皇帝的年号,嘉靖,嘉庆,嘉靖,factoid
尼罗河的两条主要的支流 是青尼罗河和什么,白尼罗河,黄尼罗河,白尼罗河,factoid
出自李清照 打马赋 人们肚子饿时会画什么来充饥,烤肉,饼,饼,factoid
下列气体物质中不是可燃物的是?,氧气,酒精,氧气,factoid
以下哪个球队不属于英超,曼联,拜仁慕尼黑,拜仁慕尼黑,factoid
太阳系中哪颗行星的自转方向与其他行星不同,金星,火星,金星,factoid
把地中海和大西洋连接起来的海峡是,直布罗陀海峡,麦哲伦海峡,直布罗陀海峡,factoid
中国是什么时候加入世界贸易组织的, 2001年,1998年,2001年,factoid
世界上现存最大的猫科动物是,亚洲象,东北虎,东北虎,factoid
金庸小说中关于 乔峰 与 萧峰 的叙述 下列何项正确,同一人物,亲兄弟,同一人物,factoid
下列哪部著名歌剧不是根据法国作家的作品改编的,图兰朵,费加罗的婚礼,图兰朵,factoid
南北朝时期隐士 后被称作 山中宰相」的是?,陶弘景,陶行知,陶弘景,factoid
第三宇宙速度是每秒多少千米,18.9,16.7,16.7,factoid
下列数字中可以被6整除的数字为,138,98,138,factoid
奥运会竞技跳水按照起跳地材质分为跳板跳水和什么跳水两种,跳台,舞台,跳台,factoid
小说 人间失格 是日本哪位作家的作品,太宰治,芥川龙之芥,太宰治,factoid
桑拿浴源自于哪个国家,芬兰,英格兰,芬兰,factoid
多多果园里面一直不回来浇水 果树会如何,死亡,枯萎,枯萎,factoid
潮平两岸阔 的下一句是,风正一帆悬,江春人旧年,风正一帆悬,factoid
屈光介质不包括,玻璃体,小梁网,小梁网,factoid
心灵治愈小说 摆渡人 的作者克莱儿·麦克福尔是哪个国家的?,英国,美国,英国,factoid
电视剧 飞狐外传 中 下列谁不是故事的主要角色,胡斐,苗若兰,苗若兰,factoid
红外线是一种红颜色的光,错误,正确,错误,yesno
下面哪一部著作是庄周写的,孙子兵法,逍遥游,逍遥游,factoid
不孝有三 无后为大 是谁说的,孟子,老子,孟子,factoid
钢琴有多少个黑键 多少个白键,37黑51白,36黑52白,36黑52白,factoid
第一个登陆月球的国家是,韩国,美国,美国,factoid
司马迁所著的史记中 记载韩信生平的列传叫什么,淮阴侯列传,韩信传,淮阴侯列传,factoid
支持王安石变法的皇帝是,宋神宗,宋钦宗,宋神宗,factoid
三国演义 中蜀国的五虎大将里被称为常胜将军的是赵子龙,错误,正确,正确,yesno
一般通常所见的章鱼有多少只触角,八只,十二只,八只,factoid
谚语 冰冻三尺的下一句是,非一日之寒,得穿秋裤,非一日之寒,factoid
湖北省和湖南省中的湖是指鄱阳湖,错误,正确,错误,yesno
偶函数的图象关于什么对称,Y轴,原点,Y轴,factoid
隋朝赵州桥的设计者是李春,错误,正确,正确,yesno
数字 8 开立方根后是多少,3,2,2,factoid
著名的 阿拉伯半岛电视台 是哪个亚洲国家的电视台,阿拉伯,卡塔尔,卡塔尔,factoid
太阳系八大行星中体积最大的是,木星,土星,木星,factoid
清朝皇宫中服侍皇室人员的已婚老年女仆或者养母 一般称之为,常在,嬤嬤,嬤嬤,factoid
诗句 不以物喜 的下一句是,不以己悲,不以吾悲,,factoid
山东省的简称是?,鲁,,鲁,factoid
士别三日当刮目相待 说的哪位吴国名将,吕蒙,陆逊,吕蒙,factoid
在拼多多中最多只能2个人一起拼单吗,是,不是,不是,factoid
联合国国旗上的世界地图被哪种植物的枝叶环绕,常青藤,橄榄,橄榄,factoid
清朝著名的军机处是哪位皇帝设立的,雍正,康熙,雍正,factoid
宁夏回族自治区的首府是,银川,中卫,银川,factoid
印象派 一词源于莫奈 日出,错误,正确,正确,yesno
由邓紫棋演唱 电视剧 上古情歌 的主题曲叫什么,泡沫,桃花诺,桃花诺,factoid
袋装薯片及膨化食品里面是什么气体,氧气,氮气,氮气,factoid
1300除以600 商是2 余数是多少,100,50,100,factoid
多多果园里面云朵宝宝的作用是,没什么用,给果树浇水,给果树浇水,factoid
我国历史上被称为 画圣 的是,吴道子,齐白石,吴道子,factoid
即时通信APP 微信 的创始人是,赵小龙,张小龙,张小龙,factoid
三角尺里最大的角多少度,60度,90度,90度,factoid
天津大学的前身是,北洋学府,北洋大学,北洋大学,factoid
北半球海洋中的水都是以逆时针方向流动,错误,正确,正确,yesno
刘邦的出生地是今,麦城,丰县,丰县,factoid
下列哪一个奢侈珠宝品牌的历史最悠久,施华洛世奇,蒂凡尼,蒂凡尼,factoid
下列哪个不是三国魏政权奠基人曹操的儿子,曹彰,曹睿,曹睿,factoid
隆中对 记载了刘备和谁的谈话内容,水镱先生,诸葛亮,诸葛亮,factoid
啤酒瓶盖上有多少个齿,21个,19个,21个,factoid
电视剧 鹿鼎记 中 哪位角色的心脏长在左边,鳌拜,多隆,多隆,factoid
电视剧 楚乔传 的女主角是,迪丽热巴,赵丽颖,赵丽颖,factoid
人生自古谁无死 留取丹心照汗青 中的 汗青 指的是,青春,史书,史书,factoid
汉字 廿 nian 表示二十,错误,正确,正确,yesno
被誉为 西方音乐之父 的是哪位作曲家,巴赫,肖邦,巴赫,factoid
朱雀 一般指的是以下哪个方位,南,中,南,factoid
站在地球的什么位置 四面方向都是北方,南极点,南极圈,南极点,factoid
如果在高速公路上发生事故 救援电话是多少,12119,12122,12122,factoid
三个火枪手 的作者大仲马是哪个国家的,法国,英国,法国,factoid
篮球比赛中 每队同时上场人数是,5个,6个,5个,factoid
除法算式的结果被称为,商,积,商,factoid
飞蛾从 蛹 发育成 蛾 的发育过程被称为,完全变态发育,退化发育,完全变态发育,factoid



小型民用车牌照底色是蓝色 中 大型民用车辆牌照底色是黄色,错误,正确,正确,yesno
一个标准的高尔夫球场通常有几个洞,18,72,18,factoid
夏满芒夏暑相连 中 芒 指的是,芒种,小芒,芒种,factoid
联合国总部位于哪个国家,美国,中国,美国,factoid
英国女王曾向谁求画72次,弗洛伊德,毕加索,弗洛伊德,factoid


下列物种属于真菌的是,大肠杆菌,酵母菌,酵母菌,factoid
后汉书梁红传 中的成语 举案齐眉 描述的是什么关系,夫妻,父子,夫妻,factoid
宿世谬词客 前身应画师 是哪位诗人对自己的评价,王勃,王维,王维,factoid
物体自由落体时间与什么因素有关 不考虑摩擦力的情况下,倾斜度,高度,高度,factoid
欧文斯奖 是哪项体育赛事的最高荣誉奖项,台球,田径,田径,factoid
我国第一部长篇讽刺小说是,水浒传,儒林外史,儒林外史,factoid
9在数学中我们一般用什么英文字母来表示图形的高?,,h,h,factoid
消费者投诉举报专线电话号码是12315,错误,正确,正确,yesno
下面谁不属于唐宋八大家之一的是,柳宗元,司马光,司马光,factoid
下列哪位艺人未在自己的专辑中演唱过  Hey Jude,巴迪瞿利,孙燕姿,巴迪瞿利,factoid
民无信不主 出自哪本书,论语,礼记,论语,factoid
被称为 世界佤乡 的是,丽江,临沧,临沧,factoid
成吉思汗的孙子忽必烈建立的是哪个朝代,元朝,明朝,元朝,factoid
截止2017年 印度人口数量位于世界第几位,第二,第五,第二,factoid
路虎 汽车是哪个国家的品牌,日本,英国,英国,factoid
世界上最早的交通信号灯是哪一年问世的,1868,1886,1868,factoid
麦琪的礼物 是哪位作家的短篇小说,欢亨利,莫泊桑,莫泊桑,factoid
天然牛黄是指来自牛胆囊中的什么,血小板,结石,结石,factoid
哈利波特 系列电影中哈利就读的魔法学校是霍格沃兹,错误,正确,正确,yesno
现代物理量子力学的开创者是,普朗克,爱因斯坦,普朗克,factoid
下列不是诺贝尔奖得主的是,李四光,杨振宁,李四光,factoid
化学平衡常数只受什么影响,压强,温度,温度,factoid
我国著名诗人 作家 翻译家 冰心 的原名是,谢婉莹,谢大脚,谢婉莹,factoid
现代奥运会历史上获得金牌数量最多的是哪位运动员,菲尔普斯,张怡宁,菲尔普斯,factoid
海外版微信的称呼是,Wechat,We,Wechat,factoid
著名战役 斯大林格勒保卫战 的苏军指挥官是,赫鲁晓夫,朱可夫,朱可夫,factoid
大珠小珠落玉盘 出自白居易的,《琵琶行》,《长恨歌》,《琵琶行》,factoid
